{"accuracy": [0.38333332538604736, 0.7805555462837219, 0.9083333611488342, 0.9222221970558167, 0.9472222328186035, 0.9277777671813965, 0.9638888835906982, 0.9472222328186035, 0.9777777791023254, 0.980555534362793, 0.9611111283302307, 0.9583333134651184, 0.9750000238418579, 0.9916666746139526, 0.980555534362793, 0.980555534362793, 0.9777777791023254, 0.980555534362793, 0.9777777791023254, 0.980555534362793, 0.9694444537162781, 0.980555534362793, 0.9777777791023254, 0.9916666746139526, 0.980555534362793, 0.9833333492279053, 0.9666666388511658, 0.980555534362793, 0.9833333492279053, 0.9916666746139526, 0.9888888597488403, 0.980555534362793, 0.9777777791023254, 0.9777777791023254, 0.980555534362793, 0.9833333492279053, 0.9888888597488403, 0.9972222447395325, 0.9944444298744202, 0.9861111044883728, 0.9944444298744202, 0.9944444298744202, 0.9916666746139526, 0.9944444298744202, 0.9861111044883728, 1.0, 0.9944444298744202, 0.9916666746139526, 0.9916666746139526, 0.9833333492279053, 0.9833333492279053, 0.9833333492279053, 0.9833333492279053, 0.9888888597488403, 0.9861111044883728, 0.980555534362793, 0.9833333492279053, 0.9833333492279053, 1.0, 0.9916666746139526, 0.9972222447395325, 0.9972222447395325, 0.9972222447395325, 0.9861111044883728, 0.9944444298744202], "loss": [1.6082583665847778, 0.669150173664093, 0.4439682960510254, 0.3082021474838257, 0.24306291341781616, 0.24149180948734283, 0.16401444375514984, 0.17128194868564606, 0.12975819408893585, 0.11663582921028137, 0.134886234998703, 0.130094513297081, 0.10461194068193436, 0.07449603825807571, 0.08454131335020065, 0.076130211353302, 0.08217745274305344, 0.07689723372459412, 0.08528891205787659, 0.08609519153833389, 0.11180376261472702, 0.08262061327695847, 0.07280107587575912, 0.07452058047056198, 0.0886930301785469, 0.07947631180286407, 0.08498208224773407, 0.09008225053548813, 0.05924904718995094, 0.04354800283908844, 0.07269207388162613, 0.07372501492500305, 0.08326692134141922, 0.08267884701490402, 0.06561864912509918, 0.0655982494354248, 0.05670705810189247, 0.03868775814771652, 0.03194727748632431, 0.047989554703235626, 0.033857956528663635, 0.036005087196826935, 0.03424857184290886, 0.03338746353983879, 0.03324558585882187, 0.01943555846810341, 0.025798534974455833, 0.02970184199512005, 0.031146809458732605, 0.0442800410091877, 0.03677312657237053, 0.0526236966252327, 0.045132093131542206, 0.054568126797676086, 0.0409766249358654, 0.05725901946425438, 0.05042967200279236, 0.05216570943593979, 0.017997974529862404, 0.028957584872841835, 0.024600952863693237, 0.023524297401309013, 0.01775285042822361, 0.03781900927424431, 0.02444034069776535], "val_accuracy": [0.21978022158145905, 0.49450549483299255, 0.2857142984867096, 0.4285714328289032, 0.4175824224948883, 0.48351648449897766, 0.5384615659713745, 0.4615384638309479, 0.48351648449897766, 0.4615384638309479, 0.5494505763053894, 0.5824176073074341, 0.5604395866394043, 0.6373626589775085, 0.692307710647583, 0.6593406796455383, 0.6043956279754639, 0.8461538553237915, 0.8571428656578064, 0.8791208863258362, 0.8901098966598511, 0.9340659379959106, 0.9450549483299255, 0.9670329689979553, 0.9890109896659851, 0.9560439586639404, 0.9560439586639404, 0.9670329689979553, 0.9670329689979553, 0.9670329689979553, 0.9780219793319702, 0.9780219793319702, 0.9890109896659851, 0.8901098966598511, 0.7252747416496277, 0.8461538553237915, 0.8021978139877319, 0.9230769276618958, 0.901098906993866, 0.9230769276618958, 0.9450549483299255, 0.9780219793319702, 0.9890109896659851, 0.9890109896659851, 1.0, 0.9890109896659851, 0.9670329689979553, 0.9890109896659851, 1.0, 1.0, 0.901098906993866, 0.901098906993866, 0.8791208863258362, 0.8901098966598511, 0.9560439586639404, 0.9450549483299255, 0.9560439586639404, 0.9890109896659851, 0.593406617641449, 0.6153846383094788, 0.6483516693115234, 0.9340659379959106, 0.9450549483299255, 0.9340659379959106, 0.9450549483299255], "val_loss": [1.586380958557129, 1.422140121459961, 1.380425214767456, 1.3085752725601196, 1.3145924806594849, 1.2503187656402588, 1.1260820627212524, 1.1392561197280884, 1.0596482753753662, 1.1979731321334839, 1.1100157499313354, 0.9502963423728943, 0.8946277499198914, 0.780815064907074, 0.7055653929710388, 0.8104007244110107, 0.8010081052780151, 0.6055324077606201, 0.48982930183410645, 0.3685848116874695, 0.3744327127933502, 0.31460270285606384, 0.2422516793012619, 0.133248969912529, 0.1428213268518448, 0.24181772768497467, 0.24286697804927826, 0.19894836843013763, 0.18898671865463257, 0.16966447234153748, 0.08022817224264145, 0.1149708554148674, 0.08850254118442535, 0.23476506769657135, 0.47696417570114136, 0.39427265524864197, 0.48382699489593506, 0.2244764119386673, 0.2725749909877777, 0.20537897944450378, 0.13960637152194977, 0.09740980714559555, 0.06021110340952873, 0.04578839987516403, 0.024390846490859985, 0.05427846685051918, 0.14884798228740692, 0.05290549620985985, 0.011019308120012283, 0.01072874665260315, 0.17326843738555908, 0.23609940707683563, 0.31817907094955444, 0.2397318184375763, 0.13175027072429657, 0.15191198885440826, 0.17021025717258453, 0.16335225105285645, 1.115119457244873, 0.9771988391876221, 0.7053397297859192, 0.27589520812034607, 0.18240773677825928, 0.1347392201423645, 0.0906161218881607]}