{"accuracy": [0.6526315808296204, 0.9631578922271729, 0.9736841917037964, 0.9947368502616882, 0.9947368502616882, 0.9894737005233765, 1.0, 1.0, 1.0, 0.9947368502616882, 0.9894737005233765, 1.0, 0.9947368502616882, 1.0, 1.0, 0.9894737005233765, 0.9894737005233765, 1.0, 0.9947368502616882, 1.0, 1.0, 1.0, 1.0, 1.0, 1.0, 1.0, 1.0, 1.0, 1.0, 1.0, 1.0, 1.0, 1.0, 1.0, 1.0, 1.0, 1.0, 1.0, 1.0, 1.0, 1.0, 1.0, 1.0, 0.9947368502616882, 1.0, 1.0, 1.0, 1.0, 1.0, 1.0, 1.0, 1.0, 1.0, 1.0, 1.0, 1.0, 1.0, 1.0, 1.0, 1.0, 1.0, 1.0, 1.0, 1.0, 0.9947368502616882, 1.0, 1.0, 1.0, 1.0, 1.0, 1.0, 1.0, 1.0, 1.0, 1.0], "loss": [0.7795249819755554, 0.22426027059555054, 0.14175650477409363, 0.09689897298812866, 0.04436074197292328, 0.05784297734498978, 0.023231597617268562, 0.029558073729276657, 0.019048595800995827, 0.017041247338056564, 0.02380630001425743, 0.013912740163505077, 0.016274254769086838, 0.01288226805627346, 0.00736943818628788, 0.020148679614067078, 0.024614065885543823, 0.009604587219655514, 0.01916031911969185, 0.010275989770889282, 0.00650856364518404, 0.005388989113271236, 0.005254003684967756, 0.00528414361178875, 0.006657897960394621, 0.011059131473302841, 0.0058247847482562065, 0.007201670203357935, 0.006174396723508835, 0.00400999840348959, 0.004200085531920195, 0.006661828141659498, 0.007099498528987169, 0.0035949856974184513, 0.004593628458678722, 0.004354703240096569, 0.0024446318857371807, 0.0025409699883311987, 0.006062118802219629, 0.00464386772364378, 0.0032028735149651766, 0.0012095966376364231, 0.0027082895394414663, 0.010463139973580837, 0.002632224466651678, 0.002406007144600153, 0.0016349060460925102, 0.0016678471583873034, 0.002965625375509262, 0.001579933101311326, 0.001271480112336576, 0.002205614233389497, 0.0033028949983417988, 0.0019039601320400834, 0.002483803080394864, 0.0022334095556288958, 0.0020256650168448687, 0.002540434245020151, 0.002017059363424778, 0.0017709891544654965, 0.0019864325877279043, 0.0011376440525054932, 0.001937451190315187, 0.0012951715616509318, 0.005886392202228308, 0.0012198446784168482, 0.0009419985581189394, 0.001209718408063054, 0.0004913114826194942, 0.0009604618535377085, 0.0006811637431383133, 0.0006353413918986917, 0.0013361168093979359, 0.0013374576810747385, 0.0006644014501944184], "val_accuracy": [0.2916666567325592, 0.3125, 0.4166666567325592, 0.5416666865348816, 0.5833333134651184, 0.5833333134651184, 0.6041666865348816, 0.6041666865348816, 0.6041666865348816, 0.6041666865348816, 0.6041666865348816, 0.6041666865348816, 0.6041666865348816, 0.6041666865348816, 0.5625, 0.3958333432674408, 0.375, 0.4791666567325592, 0.5416666865348816, 0.5208333134651184, 0.5625, 0.5833333134651184, 0.6041666865348816, 0.6041666865348816, 0.6041666865348816, 0.75, 0.9166666865348816, 0.9375, 0.9791666865348816, 0.9791666865348816, 0.9791666865348816, 0.9791666865348816, 0.9791666865348816, 0.9791666865348816, 0.9791666865348816, 0.9791666865348816, 0.9791666865348816, 0.9791666865348816, 0.9791666865348816, 0.9791666865348816, 0.9791666865348816, 0.9791666865348816, 0.9791666865348816, 0.9791666865348816, 0.9791666865348816, 0.9791666865348816, 0.9791666865348816, 0.9791666865348816, 0.9791666865348816, 0.9791666865348816, 0.9791666865348816, 0.9791666865348816, 0.9791666865348816, 0.9791666865348816, 0.9791666865348816, 0.9791666865348816, 0.9791666865348816, 0.9791666865348816, 0.9791666865348816, 0.9791666865348816, 0.9791666865348816, 0.9791666865348816, 0.9791666865348816, 0.9791666865348816, 0.9791666865348816, 0.9791666865348816, 0.9791666865348816, 0.9791666865348816, 0.9791666865348816, 0.9791666865348816, 0.9791666865348816, 0.9791666865348816, 0.9791666865348816, 0.9791666865348816, 0.9791666865348816], "val_loss": [1.1324152946472168, 1.1459254026412964, 1.0907407999038696, 1.0753860473632812, 1.068663477897644, 1.0581049919128418, 1.0486319065093994, 1.054200291633606, 1.046675205230713, 1.0157021284103394, 0.9881718754768372, 0.9759775996208191, 0.9579880833625793, 0.9424629211425781, 0.9325515627861023, 0.9657077193260193, 0.9492465853691101, 0.8780977725982666, 0.8231513500213623, 0.7923545837402344, 0.7538816332817078, 0.7191946506500244, 0.6843354105949402, 0.6350045800209045, 0.5754098296165466, 0.5025689005851746, 0.44548335671424866, 0.4268324375152588, 0.3712495267391205, 0.31905069947242737, 0.2836725413799286, 0.23431813716888428, 0.19700652360916138, 0.1708768606185913, 0.1505594700574875, 0.1307087391614914, 0.11426281929016113, 0.1033451035618782, 0.09558046609163284, 0.08747304230928421, 0.07982885837554932, 0.07434358447790146, 0.06811100989580154, 0.06882079690694809, 0.07122726738452911, 0.07094673812389374, 0.06928757578134537, 0.06712445616722107, 0.06708171963691711, 0.06578352302312851, 0.06377438455820084, 0.06028132513165474, 0.055893003940582275, 0.052411142736673355, 0.05057455599308014, 0.04891336336731911, 0.047585099935531616, 0.04207973554730415, 0.04018106684088707, 0.04017059504985809, 0.04174267128109932, 0.0442718006670475, 0.04601380228996277, 0.047615036368370056, 0.058053191751241684, 0.060661572962999344, 0.061919499188661575, 0.06179226562380791, 0.062411483377218246, 0.06241646409034729, 0.0625620111823082, 0.0632224753499031, 0.06559000164270401, 0.06759654730558395, 0.06920463591814041]}