{"accuracy": [0.42548078298568726, 0.8293269276618958, 0.9038461446762085, 0.932692289352417, 0.9447115659713745, 0.9350961446762085, 0.9615384340286255, 0.9495192170143127, 0.963942289352417, 0.9711538553237915, 0.973557710647583, 0.96875, 0.96875, 0.9831730723381042, 0.9783653616905212, 0.9807692170143127, 0.9759615659713745, 0.9783653616905212, 0.9855769276618958, 0.9759615659713745, 0.973557710647583, 0.9831730723381042, 0.9759615659713745, 0.9855769276618958, 0.9879807829856873, 0.9903846383094788, 0.995192289352417, 0.9807692170143127, 0.995192289352417, 0.9903846383094788, 0.9927884340286255, 0.9903846383094788, 0.9831730723381042, 0.9879807829856873, 0.9903846383094788, 0.9903846383094788, 0.9927884340286255, 0.9927884340286255, 0.995192289352417, 0.9927884340286255, 0.995192289352417, 0.9879807829856873, 0.9975961446762085, 0.995192289352417, 0.9903846383094788, 0.9975961446762085, 0.9927884340286255, 0.9879807829856873, 0.9903846383094788, 0.9975961446762085, 0.995192289352417, 0.9903846383094788, 1.0], "loss": [1.5762896537780762, 0.6344003677368164, 0.419742226600647, 0.3060789406299591, 0.2441178262233734, 0.23591071367263794, 0.18624116480350494, 0.18225590884685516, 0.1533985286951065, 0.13499906659126282, 0.12435644119977951, 0.1328258216381073, 0.11433009803295135, 0.09863303601741791, 0.09682660549879074, 0.07955878227949142, 0.07979659736156464, 0.07260830700397491, 0.07505884766578674, 0.08210540562868118, 0.07823330909013748, 0.07044196873903275, 0.07223162055015564, 0.0695255771279335, 0.06236870959401131, 0.050952792167663574, 0.04492763429880142, 0.05795405060052872, 0.031084487214684486, 0.032039824873209, 0.033892687410116196, 0.03332384675741196, 0.04926743730902672, 0.03734619542956352, 0.03896518051624298, 0.03772512450814247, 0.025043992325663567, 0.03296307101845741, 0.020749518647789955, 0.027507681399583817, 0.03252244368195534, 0.029459817335009575, 0.021501071751117706, 0.03142433986067772, 0.024668823927640915, 0.02422998659312725, 0.02299273945391178, 0.03065521828830242, 0.026159677654504776, 0.021593749523162842, 0.023700285702943802, 0.03691978007555008, 0.013306094333529472], "val_accuracy": [0.16190476715564728, 0.20000000298023224, 0.2380952388048172, 0.2666666805744171, 0.29523810744285583, 0.34285715222358704, 0.46666666865348816, 0.5523809790611267, 0.6857143044471741, 0.761904776096344, 0.7333333492279053, 0.7714285850524902, 0.800000011920929, 0.8952381014823914, 0.9238095283508301, 0.8761904835700989, 0.9714285731315613, 0.9142857193946838, 0.7428571581840515, 0.9333333373069763, 0.961904764175415, 0.8571428656578064, 0.9142857193946838, 0.7047619223594666, 0.6380952596664429, 0.6857143044471741, 0.761904776096344, 0.8857142925262451, 0.9809523820877075, 0.9809523820877075, 1.0, 0.9809523820877075, 1.0, 0.9714285731315613, 0.9714285731315613, 0.9809523820877075, 0.9809523820877075, 1.0, 1.0, 0.9333333373069763, 0.9333333373069763, 0.9428571462631226, 0.9809523820877075, 0.961904764175415, 0.8952381014823914, 0.9238095283508301, 0.9428571462631226, 0.8952381014823914, 0.9523809552192688, 0.9714285731315613, 0.961904764175415, 0.961904764175415, 0.961904764175415], "val_loss": [2.0370898246765137, 2.031036376953125, 1.9673393964767456, 1.8075368404388428, 1.6555558443069458, 1.4194011688232422, 1.2280834913253784, 1.190576434135437, 1.0299253463745117, 0.9407588243484497, 0.8544235825538635, 0.7760992050170898, 0.6607369780540466, 0.5485562086105347, 0.5970706343650818, 0.6362251043319702, 0.43321123719215393, 0.5205171704292297, 0.7263706922531128, 0.44475969672203064, 0.4105604290962219, 0.4239082634449005, 0.36312615871429443, 0.5952111482620239, 0.7850409150123596, 0.6434064507484436, 0.5163748860359192, 0.37421751022338867, 0.1540241837501526, 0.10889722406864166, 0.049401991069316864, 0.05078151822090149, 0.03764117509126663, 0.07047925144433975, 0.11552803218364716, 0.05000203102827072, 0.06069858744740486, 0.018961511552333832, 0.019120974466204643, 0.21477705240249634, 0.2483619749546051, 0.14390438795089722, 0.038199715316295624, 0.09657797962427139, 0.3252972960472107, 0.19569970667362213, 0.1353072226047516, 0.293795108795166, 0.12451180815696716, 0.09039643406867981, 0.1361599862575531, 0.14597132802009583, 0.14458417892456055]}